-- WARNING: this will destroy any data in the database called "BOWLINGTOURNAMENT"
drop database if exists BOWLINGTOURNAMENT;
create database BOWLINGTOURNAMENT;
use BOWLINGTOURNAMENT;

-- drop tables
drop table if exists GAME;
drop table if exists MATCHUP;
drop table if exists PLAYER;
drop table if exists TEAM;
drop table if exists TOURNAMENTROUND;
drop table if exists GAMESTATE;
drop table if exists PROVINCE;

-- create tables
create table PROVINCE (
	provinceCode varchar(2) not null,
	provinceName varchar(40) not null,
	primary key (provinceCode)
);

create table GAMESTATE (
	gameStateID varchar(10) not null,
	primary key (gameStateID)
);

create table TOURNAMENTROUND (
	roundID varchar(5) not null,
	primary key (roundID)
);

create table TEAM (
	teamID int not null,
	teamName varchar(40),
	earnings int,
	primary key (teamID)
);

create table PLAYER (
	playerID int not null,
	teamID int,
	firstName varchar(40),
	lastName varchar(40),
	hometown varchar(40),
	provinceCode varchar(2),
	primary key (playerID),
	foreign key (teamID) references TEAM(teamID),
	foreign key (provinceCode) references PROVINCE(provinceCode)
);

create table MATCHUP (
	matchID int not null,
	roundID varchar(5),
	matchgroup int,
	teamID int,
	score int,
	ranking int,
	primary key (matchID),
	foreign key (roundID) references TOURNAMENTROUND(roundID),
	foreign key (teamID) references TEAM(teamID)
);

create table GAME (
	gameID int not null,
	matchID int,
	gameNumber int,
	gameStateID varchar(10),
	score int,
	balls varchar(80),
	primary key (gameID),
	foreign key (matchID) references MATCHUP(matchID),
	foreign key (gameStateID) references GAMESTATE(gameStateID)
);

-- INSERTS 

-- PROVINCE
insert into PROVINCE values ('AB', 'Alberta');
insert into PROVINCE values ('BC', 'British Columbia');
insert into PROVINCE values ('MB', 'Manitoba');
insert into PROVINCE values ('NB', 'New Brunswick');
insert into PROVINCE values ('NL', 'Newfoundland and Labrador');
insert into PROVINCE values ('NS', 'Nova Scotia');
insert into PROVINCE values ('NT', 'Northwest Territories');
insert into PROVINCE values ('NU', 'Nunavut');
insert into PROVINCE values ('ON', 'Ontario');
insert into PROVINCE values ('PE', 'Prince Edward Island');
insert into PROVINCE values ('QC', 'Quebec');
insert into PROVINCE values ('SK', 'Saskatchewan');
insert into PROVINCE values ('YT', 'Yukon');

-- GAMESTATE
insert into GAMESTATE values ('UNASSIGNED');
insert into GAMESTATE values ('AVAILABLE');
insert into GAMESTATE values ('INPROGRESS');
insert into GAMESTATE values ('COMPLETE');

-- TOURNAMENTROUND
insert into TOURNAMENTROUND values ('INIT');
insert into TOURNAMENTROUND values ('QUAL');
insert into TOURNAMENTROUND values ('SEED1');
insert into TOURNAMENTROUND values ('SEED2');
insert into TOURNAMENTROUND values ('SEED3');
insert into TOURNAMENTROUND values ('SEED4');
insert into TOURNAMENTROUND values ('RAND1');
insert into TOURNAMENTROUND values ('RAND2');
insert into TOURNAMENTROUND values ('RAND3');
insert into TOURNAMENTROUND values ('RAND4');
insert into TOURNAMENTROUND values ('FINAL');

-- TEAM
insert into TEAM (TeamID,TeamName) values (1,'King Pins');
insert into TEAM (TeamID,TeamName) values (2,'Lucky Strikes');
insert into TEAM (TeamID,TeamName) values (3,'Lane Janes');
insert into TEAM (TeamID,TeamName) values (4,'Cosmos');
insert into TEAM (TeamID,TeamName) values (5,'DoubleD');
insert into TEAM (TeamID,TeamName) values (6,'NB Finest');
insert into TEAM (TeamID,TeamName) values (7,'Tenfold Trouble');
insert into TEAM (TeamID,TeamName) values (8,'Dad Bods');
insert into TEAM (TeamID,TeamName) values (9,'The Spares');
insert into TEAM (TeamID,TeamName) values (10,'Gutter Balls');
insert into TEAM (TeamID,TeamName) values (11,'X-Men');
insert into TEAM (TeamID,TeamName) values (12,'Pin Heads');
insert into TEAM (TeamID,TeamName) values (13,'Unbowlievable');
insert into TEAM (TeamID,TeamName) values (14,'High Rollers');
insert into TEAM (TeamID,TeamName) values (15,'Alley Artists');
insert into TEAM (TeamID,TeamName) values (16,'I Can\'t Believe It\'s Not Gutter');
insert into TEAM (TeamID,TeamName) values (17,'Body By Bowling');
insert into TEAM (TeamID,TeamName) values (18,'Bi-Polar Rollers');
insert into TEAM (TeamID,TeamName) values (19,'E-Bowla');
insert into TEAM (TeamID,TeamName) values (20,'Floor gang');
insert into TEAM (TeamID,TeamName) values (21,'JOJO');
insert into TEAM (TeamID,TeamName) values (22,'Ceiling gang');
insert into TEAM (TeamID,TeamName) values (23,'Gangnam style');
insert into TEAM (TeamID,TeamName) values (24,'Split Happens');
insert into TEAM (TeamID,TeamName) values (25,'Livin\' on A Spare');
insert into TEAM (TeamID,TeamName) values (26,'Ctrl + Alt + Victory');
insert into TEAM (TeamID,TeamName) values (27,'[Object] Object');
insert into TEAM (TeamID,TeamName) values (28,'Ballers');
insert into TEAM (TeamID,TeamName) values (29,'Strikeout');
insert into TEAM (TeamID,TeamName) values (30,'EZ 1200');
insert into TEAM (TeamID,TeamName) values (31,'Cobra Strike');
insert into TEAM (TeamID,TeamName) values (32,'Bite Pins');
insert into TEAM (TeamID,TeamName) values (33,'Fire Bowl');
insert into TEAM (TeamID,TeamName) values (34,'Toon Squad');
insert into TEAM (TeamID,TeamName) values (35,'Average Joes');
insert into TEAM (TeamID,TeamName) values (36,'Charlestown Cheifs');
insert into TEAM (TeamID,TeamName) values (37,'Hunters');
insert into TEAM (TeamID,TeamName) values (38,'The 300');
insert into TEAM (TeamID,TeamName) values (39,'Tri-County Bowlers');
insert into TEAM (TeamID,TeamName) values (40,'The Avengers');
insert into TEAM (TeamID,TeamName) values (41,'Obviously Not Golfers');
insert into TEAM (TeamID,TeamName) values (42,'Lancaster Lurkers');
insert into TEAM (TeamID,TeamName) values (43,'Dead Presidents');
insert into TEAM (TeamID,TeamName) values (44,'Alley Cats');
insert into TEAM (TeamID,TeamName) values (45,'Noble Savages');
insert into TEAM (TeamID,TeamName) values (46,'First Blood');
insert into TEAM (TeamID,TeamName) values (47,'Surf City Sultans');
insert into TEAM (TeamID,TeamName) values (48,'Foggy Hogtown Boys');
insert into TEAM (TeamID,TeamName) values (49,'Ten Pin Alley');
insert into TEAM (TeamID,TeamName) values (50,'Take Me Out To The Bowl Game');

-- PLAYER
insert into PLAYER values (1,1,'Wilson','Fisk','Toronto','ON');
insert into PLAYER values (2,1,'Robert','Smith','Mississauga','ON');
insert into PLAYER values (3,1,'Jared','Breau','Brampton','ON');
insert into PLAYER values (4,1,'Sarah','Whittaker','Orillia','ON');
insert into PLAYER values (5,2,'Jon','Draper','Wolfville','NS');
insert into PLAYER values (6,2,'Elizabeth','Olson','Dartmouth','NS');
insert into PLAYER values (7,2,'Vincent','Campbell','Cape Breton','NS');
insert into PLAYER values (8,2,'Christina','Holloway','Bridgewater','NS');
insert into PLAYER values (9,3,'Chelsea','Cobb','Hampton','NB');
insert into PLAYER values (10,3,'Amanda','Last','Hampton','NB');
insert into PLAYER values (11,3,'Jessica','Walsh','Quispamsis','NB');
insert into PLAYER values (12,3,'Lauren','Allan','Norton','NB');
insert into PLAYER values (13,4,'Mike','Herbert','Edmonton','AB');
insert into PLAYER values (14,4,'Tim','Wiseman','Calgary','AB');
insert into PLAYER values (15,4,'Don','Salmond','Lethbridge','AB');
insert into PLAYER values (16,4,'Sean','Dieno','Grande Prairie','AB');
insert into PLAYER values (17,5,'Chris','Bradford','Quebec City','QC');
insert into PLAYER values (18,5,'Dan','Taylor','Montreal','QC');
insert into PLAYER values (19,5,'Dwayne','Gelardi','Sherbrooke','QC');
insert into PLAYER values (20,5,'Kevin','Clark','Gatineau','QC');
insert into PLAYER values (21,6,'Brian','Askin','Saint John','NB');
insert into PLAYER values (22,6,'Taylor','Trach','Fredericton','NB');
insert into PLAYER values (23,6,'Chelsea','Ealey','Moncton','NB');
insert into PLAYER values (24,6,'Debbie','Haynes','Saint John','NB');
insert into PLAYER values (25,7,'Shakil','Strong','St. John\'s','NL');
insert into PLAYER values (26,7,'Nyah','Bowler','St. John\'s','NL');
insert into PLAYER values (27,7,'Thomas','Cabrera','St. John\'s','NL');
insert into PLAYER values (28,7,'Piper','Sinclair','St. John\'s','NL');
insert into PLAYER values (29,8,'Grant','MacDonald','Halifax','NS');
insert into PLAYER values (30,8,'Cain','Kennedy','Halifax','NS');
insert into PLAYER values (31,8,'Dario','Watson','Halifax','NS');
insert into PLAYER values (32,8,'Randy','Nairn','Halifax','NS');
insert into PLAYER values (33,9,'Shahid','Kelly','Saint John','NB');
insert into PLAYER values (34,9,'Anabia','Blaese','Saint John','NB');
insert into PLAYER values (35,9,'Chardonnay','Ireland','Saint John','NB');
insert into PLAYER values (36,9,'Tyra','Boyd','Saint John','NB');
insert into PLAYER values (37,10,'Gordon','Munoz','Summerside','PE');
insert into PLAYER values (38,10,'Alton','Stokes','Summerside','PE');
insert into PLAYER values (39,10,'Matt','Connor','Summerside','PE');
insert into PLAYER values (40,10,'Yaseem','Mann','Summerside','PE');
insert into PLAYER values (41,11,'Hugh','Howlett','Cold Lake','AB');
insert into PLAYER values (42,11,'Tyler','Creed','Fort McMurray','AB');
insert into PLAYER values (43,11,'Ryan','Wilson','Edmonton','AB');
insert into PLAYER values (44,11,'Harvey','Langkowski','Calgary','AB');
insert into PLAYER values (45,12,'Reggie','Watson','Fredericton','NB');
insert into PLAYER values (46,12,'Fred','Smith','Fredericton','NB');
insert into PLAYER values (47,12,'Gary','Jones','Fredericton','NB');
insert into PLAYER values (48,12,'Sally','Monroe','Fredericton','NB');
insert into PLAYER values (49,13,'Danny','Suthers','Halifax','NS');
insert into PLAYER values (50,13,'Ted','Stirling','Halifax','NS');
insert into PLAYER values (51,13,'Harold','Jennings','Halifax','NS');
insert into PLAYER values (52,13,'Geno','Lamar','Halifax','NS');
insert into PLAYER values (53,14,'Mathew','Macgregory','Saint John','NB');
insert into PLAYER values (54,14,'Petter','Connor','Fredericton','NB');
insert into PLAYER values (55,14,'Alex','Spinski','Moncton','NB');
insert into PLAYER values (56,14,'Mary','Parker','Sussex','NB');
insert into PLAYER values (57,15,'Sid','Nice','Bathurst','NB');
insert into PLAYER values (58,15,'Mallory','Walker','Bathurst','NB');
insert into PLAYER values (59,15,'George','Watson','Bathurst','NB');
insert into PLAYER values (60,15,'Melissa','Lavigne','Bathurst','NB');
insert into PLAYER values (61,16,'Jeremy','Martin','Miramichi','NB');
insert into PLAYER values (62,16,'Nick','Adams','Miramichi','NB');
insert into PLAYER values (63,16,'Sophie','Dincorn','Miramichi','NB');
insert into PLAYER values (64,16,'Scott','Badeau','Miramichi','NB');
insert into PLAYER values (65,17,'Kathy','Dodds','Charlottetown','PE');
insert into PLAYER values (66,17,'Heath','Fox','Charlottetown','PE');
insert into PLAYER values (67,17,'David','Lingley','Charlottetown','PE');
insert into PLAYER values (68,17,'Shane','Stoddard','Charlottetown','PE');
insert into PLAYER values (69,18,'Riley','Gardner','Truro','NS');
insert into PLAYER values (70,18,'Garnet','White','Truro','NS');
insert into PLAYER values (71,18,'John','Lewis','Truro','NS');
insert into PLAYER values (72,18,'Caleb','Steen','Truro ','NS');
insert into PLAYER values (73,19,'Creed','Braton','Blacks Harbour','NB');
insert into PLAYER values (74,19,'Michael','Scott','Blacks Harbour','NB');
insert into PLAYER values (75,19,'Dwight ','Schrute','Blacks Harbour','NB');
insert into PLAYER values (76,19,'Kevin','Malone','Blacks Harbour','NB');
insert into PLAYER values (77,20,'Elec','Levis','Saint John','NB');
insert into PLAYER values (78,20,'Fred','Perry','Saint John','NB');
insert into PLAYER values (79,20,'Edward','Levis','Saint John','NB');
insert into PLAYER values (80,20,'Gordon','Freeman','Saint John','NB');
insert into PLAYER values (81,21,'Conor','Scott','Muramchi','NB');
insert into PLAYER values (82,21,'Markus','Fright','Muramchi','NB');
insert into PLAYER values (83,21,'Deli','Hwey','Muramchi','NB');
insert into PLAYER values (84,21,'Wralus','Ludde','Muramchi','NB');
insert into PLAYER values (85,22,'Vardon','Haixel','Toronto','ON');
insert into PLAYER values (86,22,'Petter','Reynalds','Toronto','ON');
insert into PLAYER values (87,22,'Lui','Sanchez','Toronto','ON');
insert into PLAYER values (88,22,'Lee','Minh','Toronto','ON');
insert into PLAYER values (89,23,'Borsch','Boriec','Halifax','NS');
insert into PLAYER values (90,23,'Claus','Santiago','Halifax','NS');
insert into PLAYER values (91,23,'Paul','Lenovard','Halifax','NS');
insert into PLAYER values (92,23,'Leo','Biggiron','Halifax','NS');
insert into PLAYER values (93,24,'Claudia','Nixon','Saint John','NB');
insert into PLAYER values (94,24,'Connor','Hayes','Saint John','NB');
insert into PLAYER values (95,24,'Keegan','Hansen','Saint John','NB');
insert into PLAYER values (96,24,'Marcus','Kelly','Saint John','NB');
insert into PLAYER values (97,25,'Jon','Snow','Miramichi','NB');
insert into PLAYER values (98,25,'Robb','Stark','Moncton','NB');
insert into PLAYER values (99,25,'Tyrion','Lannister','Bathurst','NB');
insert into PLAYER values (100,25,'Theon','Greyjoy','Miramichi','NB');
insert into PLAYER values (101,26,'Eren','Yeager','Halifax','NS');
insert into PLAYER values (102,26,'Sasha','Braus','Dartmouth','NS');
insert into PLAYER values (103,26,'Connie','Springer','Yarmouth','NS');
insert into PLAYER values (104,26,'Zoe','Hange','Digby','NS');
insert into PLAYER values (105,27,'Jeff','Winger','Calgary','AB');
insert into PLAYER values (106,27,'Britta','Perry','Calgary','AB');
insert into PLAYER values (107,27,'Abed','Nadir','Calgary','AB');
insert into PLAYER values (108,27,'Troy','Barnes','Calgary','AB');
insert into PLAYER values (109,28,'Bob','Legere','Miramichi','NB');
insert into PLAYER values (110,28,'Jenny','Laurie','Moncton','NB');
insert into PLAYER values (111,28,'Fred','McKenna','Miramichi','NB');
insert into PLAYER values (112,28,'James','Kenny','Mississauga','ON');
insert into PLAYER values (113,29,'Sarah','Miller','Sussex','NB');
insert into PLAYER values (114,29,'Kurt','Wagner','Rothesay','NB');
insert into PLAYER values (115,29,'Percival ','Dachs','Rothesay','NB');
insert into PLAYER values (116,29,'Bruce','Kent','Quispamsis','NB');
insert into PLAYER values (117,30,'Eric','Cartman','Toronto','ON');
insert into PLAYER values (118,30,'Michael','Morningstar','Toronto','ON');
insert into PLAYER values (119,30,'Oswald','Nyugent','Toronto','ON');
insert into PLAYER values (120,30,'Jaques','Trappe','Montreal','ON');
insert into PLAYER values (121,31,'Jake','Peralta','Halifax','NS');
insert into PLAYER values (122,31,'Amy','Santiago','Halifax','NS');
insert into PLAYER values (123,31,'Raymond','Holt','Halifax','NS');
insert into PLAYER values (124,31,'Charles','Boyle','Halifax','NS');
insert into PLAYER values (125,32,'Sebastian','Santos','Regina','SK');
insert into PLAYER values (126,32,'Caine','Broadhurst','Regina','SK');
insert into PLAYER values (127,32,'Zarah','Christensen','Regina','SK');
insert into PLAYER values (128,32,'Dean','Gross','Regina','SK');
insert into PLAYER values (129,33,'Blossom','Le','Red Deer','AB');
insert into PLAYER values (130,33,'Kasim','Glass','Red Deer','AB');
insert into PLAYER values (131,33,'Cory','Rich','Red Deer','AB');
insert into PLAYER values (132,33,'Aled','Clements','Red Deer','AB');
insert into PLAYER values (133,34,'Hallie','Villarreal','Summerside','PE');
insert into PLAYER values (134,34,'Kajus','Humphreys','Summerside','PE');
insert into PLAYER values (135,34,'Dominique','Wagstaff','Summerside','PE');
insert into PLAYER values (136,34,'Skye','Brewer','Summerside','PE');
insert into PLAYER values (137,35,'Cory','Rich','Bathurst','NB');
insert into PLAYER values (138,35,'Emiliee','Muir','Bathurst','NB');
insert into PLAYER values (139,35,'Diana','Reid','Bathurst','NB');
insert into PLAYER values (140,35,'Lochlan','Anthony','Bathurst','NB');
insert into PLAYER values (141,36,'Jessie','Redman','Chicoutimi','QC');
insert into PLAYER values (142,36,'Bryce','Cope','Chicoutimi','QC');
insert into PLAYER values (143,36,'Vienna','Orr','Chicoutimi','QC');
insert into PLAYER values (144,36,'Emilee','Clements','Chicoutimi','QC');
insert into PLAYER values (145,37,'Vlad','Corbett','Gimli','MB');
insert into PLAYER values (146,37,'Isabella','Rose','Gimli','MB');
insert into PLAYER values (147,37,'John','Jones','Gimli','MB');
insert into PLAYER values (148,37,'Jac','Duffy','Gimli','MB');
insert into PLAYER values (149,38,'Adeel','Espinoza','Kitchener','ON');
insert into PLAYER values (150,38,'Hoorain','Bains','Kitchener','ON');
insert into PLAYER values (151,38,'Jacqueline','Griffin','Kitchener','ON');
insert into PLAYER values (152,38,'Eilish','Wilson','Kitchener','ON');
insert into PLAYER values (153,39,'Keanue','Alcock','Price Rupert','BC');
insert into PLAYER values (154,39,'Emyr','Ponce','Price Rupert','BC');
insert into PLAYER values (155,39,'Usman','Moon','Price Rupert','BC');
insert into PLAYER values (156,39,'Corinne','Vincent','Price Rupert','BC');
insert into PLAYER values (157,40,'Yasmin','Flower','Sept-Isles','QC');
insert into PLAYER values (158,40,'Laura','Potts','Sept-Isles','QC');
insert into PLAYER values (159,40,'Sebastien','Maillet','Sept-Isles','QC');
insert into PLAYER values (160,40,'Hai','Vu','Sept-Isles','QC');
insert into PLAYER values (161,41,'Kurtis','Connor','Moose Jaw','SK');
insert into PLAYER values (162,41,'Mary','Marlbro','Moose Jaw','SK');
insert into PLAYER values (163,41,'Lorne','Kirkpatrick','Moose Jaw','SK');
insert into PLAYER values (164,41,'Madelyn','Morgan','Moose Jaw','SK');
insert into PLAYER values (165,42,'Alex','Baldwin','Timmins','ON');
insert into PLAYER values (166,42,'Curwin','Frost','Timmins','ON');
insert into PLAYER values (167,42,'Lucy','Heartfellia','Timmins','ON');
insert into PLAYER values (168,42,'Ezra','King','Timmins','ON');
insert into PLAYER values (169,43,'Mike','Myers','Lewisport','NL');
insert into PLAYER values (170,43,'Jay','Massicus','Lewisport','NL');
insert into PLAYER values (171,43,'Fred','Stone','Lewisport','NL');
insert into PLAYER values (172,43,'Allan','Walker','Lewisport','NL');
insert into PLAYER values (173,44,'Great','Flambeanie','Whycocomagh','NS');
insert into PLAYER values (174,44,'Fonce','Fortran','Whycocomagh','NS');
insert into PLAYER values (175,44,'Leenalee','Lee','Baddeck','NS');
insert into PLAYER values (176,44,'Kellen','Heller','Baddeck','NS');
insert into PLAYER values (177,45,'Roger','Dodger','Havre Boucher','NS');
insert into PLAYER values (178,45,'Juvia','Rain','Havre Boucher','NS');
insert into PLAYER values (179,45,'Carly','Rae','Antigonish','NS');
insert into PLAYER values (180,45,'Suzy','Peirce','Antigonish','NS');
insert into PLAYER values (181,46,'Jenna','Marbs','Miramichi','NB');
insert into PLAYER values (182,46,'Danny','Velasquez','Miramichi','NB');
insert into PLAYER values (183,46,'Sara','Stephens','Miramichi','NB');
insert into PLAYER values (184,46,'Terry','Fox','Miramichi','NB');
insert into PLAYER values (185,47,'Cindy','Day','Saint John','NB');
insert into PLAYER values (186,47,'Han','Fernandez','Saint John','NB');
insert into PLAYER values (187,47,'Clarke','Kent','Saint John','NB');
insert into PLAYER values (188,47,'Sammy','Sanders','Saint John','NB');
insert into PLAYER values (189,48,'Mike','Mendoza','Toronto','ON');
insert into PLAYER values (190,48,'Christeen','Christensen','Toronto','ON');
insert into PLAYER values (191,48,'Jack','Black','Toronto','ON');
insert into PLAYER values (192,48,'Anna','Fields','Toronto','ON');
insert into PLAYER values (193,49,'Flynn','Ryder','Truro','NS');
insert into PLAYER values (194,49,'Garry','White','Truro','NS');
insert into PLAYER values (195,49,'David','Hansen','Truro','NS');
insert into PLAYER values (196,49,'The','Hamburgler','Truro','NS');
insert into PLAYER values (197,50,'Gork','Delacruz','Musquodoboit Harbour','NS');
insert into PLAYER values (198,50,'Brian','Little','Musquodoboit Harbour','NS');
insert into PLAYER values (199,50,'Jason','Lamb','Musquodoboit Harbour','NS');
insert into PLAYER values (200,50,'Allison','Arrbak','Musquodoboit Harbour','NS');

-- MATCHUP
insert into MATCHUP (MatchID,RoundID,MatchGroup,TeamID) values (1,'QUAL',1,1);
insert into MATCHUP (MatchID,RoundID,MatchGroup,TeamID) values (2,'QUAL',1,2);
insert into MATCHUP (MatchID,RoundID,MatchGroup,TeamID) values (3,'QUAL',1,3);
insert into MATCHUP (MatchID,RoundID,MatchGroup,TeamID) values (4,'QUAL',1,4);
insert into MATCHUP (MatchID,RoundID,MatchGroup,TeamID) values (5,'QUAL',1,5);
insert into MATCHUP (MatchID,RoundID,MatchGroup,TeamID) values (6,'QUAL',1,6);
insert into MATCHUP (MatchID,RoundID,MatchGroup,TeamID) values (7,'QUAL',1,7);
insert into MATCHUP (MatchID,RoundID,MatchGroup,TeamID) values (8,'QUAL',1,8);
insert into MATCHUP (MatchID,RoundID,MatchGroup,TeamID) values (9,'QUAL',1,9);
insert into MATCHUP (MatchID,RoundID,MatchGroup,TeamID) values (10,'QUAL',1,10);
insert into MATCHUP (MatchID,RoundID,MatchGroup,TeamID) values (11,'QUAL',1,11);
insert into MATCHUP (MatchID,RoundID,MatchGroup,TeamID) values (12,'QUAL',1,12);
insert into MATCHUP (MatchID,RoundID,MatchGroup,TeamID) values (13,'QUAL',1,13);
insert into MATCHUP (MatchID,RoundID,MatchGroup,TeamID) values (14,'QUAL',1,14);
insert into MATCHUP (MatchID,RoundID,MatchGroup,TeamID) values (15,'QUAL',1,15);
insert into MATCHUP (MatchID,RoundID,MatchGroup,TeamID) values (16,'QUAL',1,16);
insert into MATCHUP (MatchID,RoundID,MatchGroup,TeamID) values (17,'QUAL',1,17);
insert into MATCHUP (MatchID,RoundID,MatchGroup,TeamID) values (18,'QUAL',1,18);
insert into MATCHUP (MatchID,RoundID,MatchGroup,TeamID) values (19,'QUAL',1,19);
insert into MATCHUP (MatchID,RoundID,MatchGroup,TeamID) values (20,'QUAL',1,20);
insert into MATCHUP (MatchID,RoundID,MatchGroup,TeamID) values (21,'QUAL',1,21);
insert into MATCHUP (MatchID,RoundID,MatchGroup,TeamID) values (22,'QUAL',1,22);
insert into MATCHUP (MatchID,RoundID,MatchGroup,TeamID) values (23,'QUAL',1,23);
insert into MATCHUP (MatchID,RoundID,MatchGroup,TeamID) values (24,'QUAL',1,24);
insert into MATCHUP (MatchID,RoundID,MatchGroup,TeamID) values (25,'QUAL',1,25);
insert into MATCHUP (MatchID,RoundID,MatchGroup,TeamID) values (26,'QUAL',1,26);
insert into MATCHUP (MatchID,RoundID,MatchGroup,TeamID) values (27,'QUAL',1,27);
insert into MATCHUP (MatchID,RoundID,MatchGroup,TeamID) values (28,'QUAL',1,28);
insert into MATCHUP (MatchID,RoundID,MatchGroup,TeamID) values (29,'QUAL',1,29);
insert into MATCHUP (MatchID,RoundID,MatchGroup,TeamID) values (30,'QUAL',1,30);
insert into MATCHUP (MatchID,RoundID,MatchGroup,TeamID) values (31,'QUAL',1,31);
insert into MATCHUP (MatchID,RoundID,MatchGroup,TeamID) values (32,'QUAL',1,32);
insert into MATCHUP (MatchID,RoundID,MatchGroup,TeamID) values (33,'QUAL',1,33);
insert into MATCHUP (MatchID,RoundID,MatchGroup,TeamID) values (34,'QUAL',1,34);
insert into MATCHUP (MatchID,RoundID,MatchGroup,TeamID) values (35,'QUAL',1,35);
insert into MATCHUP (MatchID,RoundID,MatchGroup,TeamID) values (36,'QUAL',1,36);
insert into MATCHUP (MatchID,RoundID,MatchGroup,TeamID) values (37,'QUAL',1,37);
insert into MATCHUP (MatchID,RoundID,MatchGroup,TeamID) values (38,'QUAL',1,38);
insert into MATCHUP (MatchID,RoundID,MatchGroup,TeamID) values (39,'QUAL',1,39);
insert into MATCHUP (MatchID,RoundID,MatchGroup,TeamID) values (40,'QUAL',1,40);
insert into MATCHUP (MatchID,RoundID,MatchGroup,TeamID) values (41,'QUAL',1,41);
insert into MATCHUP (MatchID,RoundID,MatchGroup,TeamID) values (42,'QUAL',1,42);
insert into MATCHUP (MatchID,RoundID,MatchGroup,TeamID) values (43,'QUAL',1,43);
insert into MATCHUP (MatchID,RoundID,MatchGroup,TeamID) values (44,'QUAL',1,44);
insert into MATCHUP (MatchID,RoundID,MatchGroup,TeamID) values (45,'QUAL',1,45);
insert into MATCHUP (MatchID,RoundID,MatchGroup,TeamID) values (46,'QUAL',1,46);
insert into MATCHUP (MatchID,RoundID,MatchGroup,TeamID) values (47,'QUAL',1,47);
insert into MATCHUP (MatchID,RoundID,MatchGroup,TeamID) values (48,'QUAL',1,48);
insert into MATCHUP (MatchID,RoundID,MatchGroup,TeamID) values (49,'QUAL',1,49);
insert into MATCHUP (MatchID,RoundID,MatchGroup,TeamID) values (50,'QUAL',1,50);
insert into MATCHUP (MatchID,RoundID,MatchGroup) values (51,'SEED1',1);
insert into MATCHUP (MatchID,RoundID,MatchGroup) values (52,'SEED1',1);
insert into MATCHUP (MatchID,RoundID,MatchGroup) values (53,'SEED1',2);
insert into MATCHUP (MatchID,RoundID,MatchGroup) values (54,'SEED1',2);
insert into MATCHUP (MatchID,RoundID,MatchGroup) values (55,'SEED1',3);
insert into MATCHUP (MatchID,RoundID,MatchGroup) values (56,'SEED1',3);
insert into MATCHUP (MatchID,RoundID,MatchGroup) values (57,'SEED1',4);
insert into MATCHUP (MatchID,RoundID,MatchGroup) values (58,'SEED1',4);
insert into MATCHUP (MatchID,RoundID,MatchGroup) values (59,'SEED1',5);
insert into MATCHUP (MatchID,RoundID,MatchGroup) values (60,'SEED1',5);
insert into MATCHUP (MatchID,RoundID,MatchGroup) values (61,'SEED1',6);
insert into MATCHUP (MatchID,RoundID,MatchGroup) values (62,'SEED1',6);
insert into MATCHUP (MatchID,RoundID,MatchGroup) values (63,'SEED1',7);
insert into MATCHUP (MatchID,RoundID,MatchGroup) values (64,'SEED1',7);
insert into MATCHUP (MatchID,RoundID,MatchGroup) values (65,'SEED1',8);
insert into MATCHUP (MatchID,RoundID,MatchGroup) values (66,'SEED1',8);
insert into MATCHUP (MatchID,RoundID,MatchGroup) values (67,'SEED2',1);
insert into MATCHUP (MatchID,RoundID,MatchGroup) values (68,'SEED2',1);
insert into MATCHUP (MatchID,RoundID,MatchGroup) values (69,'SEED2',2);
insert into MATCHUP (MatchID,RoundID,MatchGroup) values (70,'SEED2',2);
insert into MATCHUP (MatchID,RoundID,MatchGroup) values (71,'SEED2',3);
insert into MATCHUP (MatchID,RoundID,MatchGroup) values (72,'SEED2',3);
insert into MATCHUP (MatchID,RoundID,MatchGroup) values (73,'SEED2',4);
insert into MATCHUP (MatchID,RoundID,MatchGroup) values (74,'SEED2',4);
insert into MATCHUP (MatchID,RoundID,MatchGroup) values (75,'SEED3',1);
insert into MATCHUP (MatchID,RoundID,MatchGroup) values (76,'SEED3',1);
insert into MATCHUP (MatchID,RoundID,MatchGroup) values (77,'SEED3',2);
insert into MATCHUP (MatchID,RoundID,MatchGroup) values (78,'SEED3',2);
insert into MATCHUP (MatchID,RoundID,MatchGroup) values (79,'SEED4',1);
insert into MATCHUP (MatchID,RoundID,MatchGroup) values (80,'SEED4',1);
insert into MATCHUP (MatchID,RoundID,MatchGroup) values (81,'RAND1',1);
insert into MATCHUP (MatchID,RoundID,MatchGroup) values (82,'RAND1',1);
insert into MATCHUP (MatchID,RoundID,MatchGroup) values (83,'RAND1',2);
insert into MATCHUP (MatchID,RoundID,MatchGroup) values (84,'RAND1',2);
insert into MATCHUP (MatchID,RoundID,MatchGroup) values (85,'RAND1',3);
insert into MATCHUP (MatchID,RoundID,MatchGroup) values (86,'RAND1',3);
insert into MATCHUP (MatchID,RoundID,MatchGroup) values (87,'RAND1',4);
insert into MATCHUP (MatchID,RoundID,MatchGroup) values (88,'RAND1',4);
insert into MATCHUP (MatchID,RoundID,MatchGroup) values (89,'RAND1',5);
insert into MATCHUP (MatchID,RoundID,MatchGroup) values (90,'RAND1',5);
insert into MATCHUP (MatchID,RoundID,MatchGroup) values (91,'RAND1',6);
insert into MATCHUP (MatchID,RoundID,MatchGroup) values (92,'RAND1',6);
insert into MATCHUP (MatchID,RoundID,MatchGroup) values (93,'RAND1',7);
insert into MATCHUP (MatchID,RoundID,MatchGroup) values (94,'RAND1',7);
insert into MATCHUP (MatchID,RoundID,MatchGroup) values (95,'RAND1',8);
insert into MATCHUP (MatchID,RoundID,MatchGroup) values (96,'RAND1',8);
insert into MATCHUP (MatchID,RoundID,MatchGroup) values (97,'RAND2',1);
insert into MATCHUP (MatchID,RoundID,MatchGroup) values (98,'RAND2',1);
insert into MATCHUP (MatchID,RoundID,MatchGroup) values (99,'RAND2',2);
insert into MATCHUP (MatchID,RoundID,MatchGroup) values (100,'RAND2',2);
insert into MATCHUP (MatchID,RoundID,MatchGroup) values (101,'RAND2',3);
insert into MATCHUP (MatchID,RoundID,MatchGroup) values (102,'RAND2',3);
insert into MATCHUP (MatchID,RoundID,MatchGroup) values (103,'RAND2',4);
insert into MATCHUP (MatchID,RoundID,MatchGroup) values (104,'RAND2',4);
insert into MATCHUP (MatchID,RoundID,MatchGroup) values (105,'RAND3',1);
insert into MATCHUP (MatchID,RoundID,MatchGroup) values (106,'RAND3',1);
insert into MATCHUP (MatchID,RoundID,MatchGroup) values (107,'RAND3',2);
insert into MATCHUP (MatchID,RoundID,MatchGroup) values (108,'RAND3',2);
insert into MATCHUP (MatchID,RoundID,MatchGroup) values (109,'RAND4',1);
insert into MATCHUP (MatchID,RoundID,MatchGroup) values (110,'RAND4',1);
insert into MATCHUP (MatchID,RoundID,MatchGroup) values (111,'FINAL',1);
insert into MATCHUP (MatchID,RoundID,MatchGroup) values (112,'FINAL',1);

-- GAME
insert into GAME (GameID,MatchID,GameNumber,GameStateID) values (1,1,1,'AVAILABLE');
insert into GAME (GameID,MatchID,GameNumber,GameStateID) values (2,1,2,'AVAILABLE');
insert into GAME (GameID,MatchID,GameNumber,GameStateID) values (3,1,3,'AVAILABLE');
insert into GAME (GameID,MatchID,GameNumber,GameStateID) values (4,1,4,'AVAILABLE');
insert into GAME (GameID,MatchID,GameNumber,GameStateID) values (5,1,5,'AVAILABLE');
insert into GAME (GameID,MatchID,GameNumber,GameStateID) values (6,1,6,'AVAILABLE');
insert into GAME (GameID,MatchID,GameNumber,GameStateID) values (7,1,7,'AVAILABLE');
insert into GAME (GameID,MatchID,GameNumber,GameStateID) values (8,1,8,'AVAILABLE');
insert into GAME (GameID,MatchID,GameNumber,GameStateID) values (9,2,1,'AVAILABLE');
insert into GAME (GameID,MatchID,GameNumber,GameStateID) values (10,2,2,'AVAILABLE');
insert into GAME (GameID,MatchID,GameNumber,GameStateID) values (11,2,3,'AVAILABLE');
insert into GAME (GameID,MatchID,GameNumber,GameStateID) values (12,2,4,'AVAILABLE');
insert into GAME (GameID,MatchID,GameNumber,GameStateID) values (13,2,5,'AVAILABLE');
insert into GAME (GameID,MatchID,GameNumber,GameStateID) values (14,2,6,'AVAILABLE');
insert into GAME (GameID,MatchID,GameNumber,GameStateID) values (15,2,7,'AVAILABLE');
insert into GAME (GameID,MatchID,GameNumber,GameStateID) values (16,2,8,'AVAILABLE');
insert into GAME (GameID,MatchID,GameNumber,GameStateID) values (17,3,1,'AVAILABLE');
insert into GAME (GameID,MatchID,GameNumber,GameStateID) values (18,3,2,'AVAILABLE');
insert into GAME (GameID,MatchID,GameNumber,GameStateID) values (19,3,3,'AVAILABLE');
insert into GAME (GameID,MatchID,GameNumber,GameStateID) values (20,3,4,'AVAILABLE');
insert into GAME (GameID,MatchID,GameNumber,GameStateID) values (21,3,5,'AVAILABLE');
insert into GAME (GameID,MatchID,GameNumber,GameStateID) values (22,3,6,'AVAILABLE');
insert into GAME (GameID,MatchID,GameNumber,GameStateID) values (23,3,7,'AVAILABLE');
insert into GAME (GameID,MatchID,GameNumber,GameStateID) values (24,3,8,'AVAILABLE');
insert into GAME (GameID,MatchID,GameNumber,GameStateID) values (25,4,1,'AVAILABLE');
insert into GAME (GameID,MatchID,GameNumber,GameStateID) values (26,4,2,'AVAILABLE');
insert into GAME (GameID,MatchID,GameNumber,GameStateID) values (27,4,3,'AVAILABLE');
insert into GAME (GameID,MatchID,GameNumber,GameStateID) values (28,4,4,'AVAILABLE');
insert into GAME (GameID,MatchID,GameNumber,GameStateID) values (29,4,5,'AVAILABLE');
insert into GAME (GameID,MatchID,GameNumber,GameStateID) values (30,4,6,'AVAILABLE');
insert into GAME (GameID,MatchID,GameNumber,GameStateID) values (31,4,7,'AVAILABLE');
insert into GAME (GameID,MatchID,GameNumber,GameStateID) values (32,4,8,'AVAILABLE');
insert into GAME (GameID,MatchID,GameNumber,GameStateID) values (33,5,1,'AVAILABLE');
insert into GAME (GameID,MatchID,GameNumber,GameStateID) values (34,5,2,'AVAILABLE');
insert into GAME (GameID,MatchID,GameNumber,GameStateID) values (35,5,3,'AVAILABLE');
insert into GAME (GameID,MatchID,GameNumber,GameStateID) values (36,5,4,'AVAILABLE');
insert into GAME (GameID,MatchID,GameNumber,GameStateID) values (37,5,5,'AVAILABLE');
insert into GAME (GameID,MatchID,GameNumber,GameStateID) values (38,5,6,'AVAILABLE');
insert into GAME (GameID,MatchID,GameNumber,GameStateID) values (39,5,7,'AVAILABLE');
insert into GAME (GameID,MatchID,GameNumber,GameStateID) values (40,5,8,'AVAILABLE');
insert into GAME (GameID,MatchID,GameNumber,GameStateID) values (41,6,1,'AVAILABLE');
insert into GAME (GameID,MatchID,GameNumber,GameStateID) values (42,6,2,'AVAILABLE');
insert into GAME (GameID,MatchID,GameNumber,GameStateID) values (43,6,3,'AVAILABLE');
insert into GAME (GameID,MatchID,GameNumber,GameStateID) values (44,6,4,'AVAILABLE');
insert into GAME (GameID,MatchID,GameNumber,GameStateID) values (45,6,5,'AVAILABLE');
insert into GAME (GameID,MatchID,GameNumber,GameStateID) values (46,6,6,'AVAILABLE');
insert into GAME (GameID,MatchID,GameNumber,GameStateID) values (47,6,7,'AVAILABLE');
insert into GAME (GameID,MatchID,GameNumber,GameStateID) values (48,6,8,'AVAILABLE');
insert into GAME (GameID,MatchID,GameNumber,GameStateID) values (49,7,1,'AVAILABLE');
insert into GAME (GameID,MatchID,GameNumber,GameStateID) values (50,7,2,'AVAILABLE');
insert into GAME (GameID,MatchID,GameNumber,GameStateID) values (51,7,3,'AVAILABLE');
insert into GAME (GameID,MatchID,GameNumber,GameStateID) values (52,7,4,'AVAILABLE');
insert into GAME (GameID,MatchID,GameNumber,GameStateID) values (53,7,5,'AVAILABLE');
insert into GAME (GameID,MatchID,GameNumber,GameStateID) values (54,7,6,'AVAILABLE');
insert into GAME (GameID,MatchID,GameNumber,GameStateID) values (55,7,7,'AVAILABLE');
insert into GAME (GameID,MatchID,GameNumber,GameStateID) values (56,7,8,'AVAILABLE');
insert into GAME (GameID,MatchID,GameNumber,GameStateID) values (57,8,1,'AVAILABLE');
insert into GAME (GameID,MatchID,GameNumber,GameStateID) values (58,8,2,'AVAILABLE');
insert into GAME (GameID,MatchID,GameNumber,GameStateID) values (59,8,3,'AVAILABLE');
insert into GAME (GameID,MatchID,GameNumber,GameStateID) values (60,8,4,'AVAILABLE');
insert into GAME (GameID,MatchID,GameNumber,GameStateID) values (61,8,5,'AVAILABLE');
insert into GAME (GameID,MatchID,GameNumber,GameStateID) values (62,8,6,'AVAILABLE');
insert into GAME (GameID,MatchID,GameNumber,GameStateID) values (63,8,7,'AVAILABLE');
insert into GAME (GameID,MatchID,GameNumber,GameStateID) values (64,8,8,'AVAILABLE');
insert into GAME (GameID,MatchID,GameNumber,GameStateID) values (65,9,1,'AVAILABLE');
insert into GAME (GameID,MatchID,GameNumber,GameStateID) values (66,9,2,'AVAILABLE');
insert into GAME (GameID,MatchID,GameNumber,GameStateID) values (67,9,3,'AVAILABLE');
insert into GAME (GameID,MatchID,GameNumber,GameStateID) values (68,9,4,'AVAILABLE');
insert into GAME (GameID,MatchID,GameNumber,GameStateID) values (69,9,5,'AVAILABLE');
insert into GAME (GameID,MatchID,GameNumber,GameStateID) values (70,9,6,'AVAILABLE');
insert into GAME (GameID,MatchID,GameNumber,GameStateID) values (71,9,7,'AVAILABLE');
insert into GAME (GameID,MatchID,GameNumber,GameStateID) values (72,9,8,'AVAILABLE');
insert into GAME (GameID,MatchID,GameNumber,GameStateID) values (73,10,1,'AVAILABLE');
insert into GAME (GameID,MatchID,GameNumber,GameStateID) values (74,10,2,'AVAILABLE');
insert into GAME (GameID,MatchID,GameNumber,GameStateID) values (75,10,3,'AVAILABLE');
insert into GAME (GameID,MatchID,GameNumber,GameStateID) values (76,10,4,'AVAILABLE');
insert into GAME (GameID,MatchID,GameNumber,GameStateID) values (77,10,5,'AVAILABLE');
insert into GAME (GameID,MatchID,GameNumber,GameStateID) values (78,10,6,'AVAILABLE');
insert into GAME (GameID,MatchID,GameNumber,GameStateID) values (79,10,7,'AVAILABLE');
insert into GAME (GameID,MatchID,GameNumber,GameStateID) values (80,10,8,'AVAILABLE');
insert into GAME (GameID,MatchID,GameNumber,GameStateID) values (81,11,1,'AVAILABLE');
insert into GAME (GameID,MatchID,GameNumber,GameStateID) values (82,11,2,'AVAILABLE');
insert into GAME (GameID,MatchID,GameNumber,GameStateID) values (83,11,3,'AVAILABLE');
insert into GAME (GameID,MatchID,GameNumber,GameStateID) values (84,11,4,'AVAILABLE');
insert into GAME (GameID,MatchID,GameNumber,GameStateID) values (85,11,5,'AVAILABLE');
insert into GAME (GameID,MatchID,GameNumber,GameStateID) values (86,11,6,'AVAILABLE');
insert into GAME (GameID,MatchID,GameNumber,GameStateID) values (87,11,7,'AVAILABLE');
insert into GAME (GameID,MatchID,GameNumber,GameStateID) values (88,11,8,'AVAILABLE');
insert into GAME (GameID,MatchID,GameNumber,GameStateID) values (89,12,1,'AVAILABLE');
insert into GAME (GameID,MatchID,GameNumber,GameStateID) values (90,12,2,'AVAILABLE');
insert into GAME (GameID,MatchID,GameNumber,GameStateID) values (91,12,3,'AVAILABLE');
insert into GAME (GameID,MatchID,GameNumber,GameStateID) values (92,12,4,'AVAILABLE');
insert into GAME (GameID,MatchID,GameNumber,GameStateID) values (93,12,5,'AVAILABLE');
insert into GAME (GameID,MatchID,GameNumber,GameStateID) values (94,12,6,'AVAILABLE');
insert into GAME (GameID,MatchID,GameNumber,GameStateID) values (95,12,7,'AVAILABLE');
insert into GAME (GameID,MatchID,GameNumber,GameStateID) values (96,12,8,'AVAILABLE');
insert into GAME (GameID,MatchID,GameNumber,GameStateID) values (97,13,1,'AVAILABLE');
insert into GAME (GameID,MatchID,GameNumber,GameStateID) values (98,13,2,'AVAILABLE');
insert into GAME (GameID,MatchID,GameNumber,GameStateID) values (99,13,3,'AVAILABLE');
insert into GAME (GameID,MatchID,GameNumber,GameStateID) values (100,13,4,'AVAILABLE');
insert into GAME (GameID,MatchID,GameNumber,GameStateID) values (101,13,5,'AVAILABLE');
insert into GAME (GameID,MatchID,GameNumber,GameStateID) values (102,13,6,'AVAILABLE');
insert into GAME (GameID,MatchID,GameNumber,GameStateID) values (103,13,7,'AVAILABLE');
insert into GAME (GameID,MatchID,GameNumber,GameStateID) values (104,13,8,'AVAILABLE');
insert into GAME (GameID,MatchID,GameNumber,GameStateID) values (105,14,1,'AVAILABLE');
insert into GAME (GameID,MatchID,GameNumber,GameStateID) values (106,14,2,'AVAILABLE');
insert into GAME (GameID,MatchID,GameNumber,GameStateID) values (107,14,3,'AVAILABLE');
insert into GAME (GameID,MatchID,GameNumber,GameStateID) values (108,14,4,'AVAILABLE');
insert into GAME (GameID,MatchID,GameNumber,GameStateID) values (109,14,5,'AVAILABLE');
insert into GAME (GameID,MatchID,GameNumber,GameStateID) values (110,14,6,'AVAILABLE');
insert into GAME (GameID,MatchID,GameNumber,GameStateID) values (111,14,7,'AVAILABLE');
insert into GAME (GameID,MatchID,GameNumber,GameStateID) values (112,14,8,'AVAILABLE');
insert into GAME (GameID,MatchID,GameNumber,GameStateID) values (113,15,1,'AVAILABLE');
insert into GAME (GameID,MatchID,GameNumber,GameStateID) values (114,15,2,'AVAILABLE');
insert into GAME (GameID,MatchID,GameNumber,GameStateID) values (115,15,3,'AVAILABLE');
insert into GAME (GameID,MatchID,GameNumber,GameStateID) values (116,15,4,'AVAILABLE');
insert into GAME (GameID,MatchID,GameNumber,GameStateID) values (117,15,5,'AVAILABLE');
insert into GAME (GameID,MatchID,GameNumber,GameStateID) values (118,15,6,'AVAILABLE');
insert into GAME (GameID,MatchID,GameNumber,GameStateID) values (119,15,7,'AVAILABLE');
insert into GAME (GameID,MatchID,GameNumber,GameStateID) values (120,15,8,'AVAILABLE');
insert into GAME (GameID,MatchID,GameNumber,GameStateID) values (121,16,1,'AVAILABLE');
insert into GAME (GameID,MatchID,GameNumber,GameStateID) values (122,16,2,'AVAILABLE');
insert into GAME (GameID,MatchID,GameNumber,GameStateID) values (123,16,3,'AVAILABLE');
insert into GAME (GameID,MatchID,GameNumber,GameStateID) values (124,16,4,'AVAILABLE');
insert into GAME (GameID,MatchID,GameNumber,GameStateID) values (125,16,5,'AVAILABLE');
insert into GAME (GameID,MatchID,GameNumber,GameStateID) values (126,16,6,'AVAILABLE');
insert into GAME (GameID,MatchID,GameNumber,GameStateID) values (127,16,7,'AVAILABLE');
insert into GAME (GameID,MatchID,GameNumber,GameStateID) values (128,16,8,'AVAILABLE');
insert into GAME (GameID,MatchID,GameNumber,GameStateID) values (129,17,1,'AVAILABLE');
insert into GAME (GameID,MatchID,GameNumber,GameStateID) values (130,17,2,'AVAILABLE');
insert into GAME (GameID,MatchID,GameNumber,GameStateID) values (131,17,3,'AVAILABLE');
insert into GAME (GameID,MatchID,GameNumber,GameStateID) values (132,17,4,'AVAILABLE');
insert into GAME (GameID,MatchID,GameNumber,GameStateID) values (133,17,5,'AVAILABLE');
insert into GAME (GameID,MatchID,GameNumber,GameStateID) values (134,17,6,'AVAILABLE');
insert into GAME (GameID,MatchID,GameNumber,GameStateID) values (135,17,7,'AVAILABLE');
insert into GAME (GameID,MatchID,GameNumber,GameStateID) values (136,17,8,'AVAILABLE');
insert into GAME (GameID,MatchID,GameNumber,GameStateID) values (137,18,1,'AVAILABLE');
insert into GAME (GameID,MatchID,GameNumber,GameStateID) values (138,18,2,'AVAILABLE');
insert into GAME (GameID,MatchID,GameNumber,GameStateID) values (139,18,3,'AVAILABLE');
insert into GAME (GameID,MatchID,GameNumber,GameStateID) values (140,18,4,'AVAILABLE');
insert into GAME (GameID,MatchID,GameNumber,GameStateID) values (141,18,5,'AVAILABLE');
insert into GAME (GameID,MatchID,GameNumber,GameStateID) values (142,18,6,'AVAILABLE');
insert into GAME (GameID,MatchID,GameNumber,GameStateID) values (143,18,7,'AVAILABLE');
insert into GAME (GameID,MatchID,GameNumber,GameStateID) values (144,18,8,'AVAILABLE');
insert into GAME (GameID,MatchID,GameNumber,GameStateID) values (145,19,1,'AVAILABLE');
insert into GAME (GameID,MatchID,GameNumber,GameStateID) values (146,19,2,'AVAILABLE');
insert into GAME (GameID,MatchID,GameNumber,GameStateID) values (147,19,3,'AVAILABLE');
insert into GAME (GameID,MatchID,GameNumber,GameStateID) values (148,19,4,'AVAILABLE');
insert into GAME (GameID,MatchID,GameNumber,GameStateID) values (149,19,5,'AVAILABLE');
insert into GAME (GameID,MatchID,GameNumber,GameStateID) values (150,19,6,'AVAILABLE');
insert into GAME (GameID,MatchID,GameNumber,GameStateID) values (151,19,7,'AVAILABLE');
insert into GAME (GameID,MatchID,GameNumber,GameStateID) values (152,19,8,'AVAILABLE');
insert into GAME (GameID,MatchID,GameNumber,GameStateID) values (153,20,1,'AVAILABLE');
insert into GAME (GameID,MatchID,GameNumber,GameStateID) values (154,20,2,'AVAILABLE');
insert into GAME (GameID,MatchID,GameNumber,GameStateID) values (155,20,3,'AVAILABLE');
insert into GAME (GameID,MatchID,GameNumber,GameStateID) values (156,20,4,'AVAILABLE');
insert into GAME (GameID,MatchID,GameNumber,GameStateID) values (157,20,5,'AVAILABLE');
insert into GAME (GameID,MatchID,GameNumber,GameStateID) values (158,20,6,'AVAILABLE');
insert into GAME (GameID,MatchID,GameNumber,GameStateID) values (159,20,7,'AVAILABLE');
insert into GAME (GameID,MatchID,GameNumber,GameStateID) values (160,20,8,'AVAILABLE');
insert into GAME (GameID,MatchID,GameNumber,GameStateID) values (161,21,1,'AVAILABLE');
insert into GAME (GameID,MatchID,GameNumber,GameStateID) values (162,21,2,'AVAILABLE');
insert into GAME (GameID,MatchID,GameNumber,GameStateID) values (163,21,3,'AVAILABLE');
insert into GAME (GameID,MatchID,GameNumber,GameStateID) values (164,21,4,'AVAILABLE');
insert into GAME (GameID,MatchID,GameNumber,GameStateID) values (165,21,5,'AVAILABLE');
insert into GAME (GameID,MatchID,GameNumber,GameStateID) values (166,21,6,'AVAILABLE');
insert into GAME (GameID,MatchID,GameNumber,GameStateID) values (167,21,7,'AVAILABLE');
insert into GAME (GameID,MatchID,GameNumber,GameStateID) values (168,21,8,'AVAILABLE');
insert into GAME (GameID,MatchID,GameNumber,GameStateID) values (169,22,1,'AVAILABLE');
insert into GAME (GameID,MatchID,GameNumber,GameStateID) values (170,22,2,'AVAILABLE');
insert into GAME (GameID,MatchID,GameNumber,GameStateID) values (171,22,3,'AVAILABLE');
insert into GAME (GameID,MatchID,GameNumber,GameStateID) values (172,22,4,'AVAILABLE');
insert into GAME (GameID,MatchID,GameNumber,GameStateID) values (173,22,5,'AVAILABLE');
insert into GAME (GameID,MatchID,GameNumber,GameStateID) values (174,22,6,'AVAILABLE');
insert into GAME (GameID,MatchID,GameNumber,GameStateID) values (175,22,7,'AVAILABLE');
insert into GAME (GameID,MatchID,GameNumber,GameStateID) values (176,22,8,'AVAILABLE');
insert into GAME (GameID,MatchID,GameNumber,GameStateID) values (177,23,1,'AVAILABLE');
insert into GAME (GameID,MatchID,GameNumber,GameStateID) values (178,23,2,'AVAILABLE');
insert into GAME (GameID,MatchID,GameNumber,GameStateID) values (179,23,3,'AVAILABLE');
insert into GAME (GameID,MatchID,GameNumber,GameStateID) values (180,23,4,'AVAILABLE');
insert into GAME (GameID,MatchID,GameNumber,GameStateID) values (181,23,5,'AVAILABLE');
insert into GAME (GameID,MatchID,GameNumber,GameStateID) values (182,23,6,'AVAILABLE');
insert into GAME (GameID,MatchID,GameNumber,GameStateID) values (183,23,7,'AVAILABLE');
insert into GAME (GameID,MatchID,GameNumber,GameStateID) values (184,23,8,'AVAILABLE');
insert into GAME (GameID,MatchID,GameNumber,GameStateID) values (185,24,1,'AVAILABLE');
insert into GAME (GameID,MatchID,GameNumber,GameStateID) values (186,24,2,'AVAILABLE');
insert into GAME (GameID,MatchID,GameNumber,GameStateID) values (187,24,3,'AVAILABLE');
insert into GAME (GameID,MatchID,GameNumber,GameStateID) values (188,24,4,'AVAILABLE');
insert into GAME (GameID,MatchID,GameNumber,GameStateID) values (189,24,5,'AVAILABLE');
insert into GAME (GameID,MatchID,GameNumber,GameStateID) values (190,24,6,'AVAILABLE');
insert into GAME (GameID,MatchID,GameNumber,GameStateID) values (191,24,7,'AVAILABLE');
insert into GAME (GameID,MatchID,GameNumber,GameStateID) values (192,24,8,'AVAILABLE');
insert into GAME (GameID,MatchID,GameNumber,GameStateID) values (193,25,1,'AVAILABLE');
insert into GAME (GameID,MatchID,GameNumber,GameStateID) values (194,25,2,'AVAILABLE');
insert into GAME (GameID,MatchID,GameNumber,GameStateID) values (195,25,3,'AVAILABLE');
insert into GAME (GameID,MatchID,GameNumber,GameStateID) values (196,25,4,'AVAILABLE');
insert into GAME (GameID,MatchID,GameNumber,GameStateID) values (197,25,5,'AVAILABLE');
insert into GAME (GameID,MatchID,GameNumber,GameStateID) values (198,25,6,'AVAILABLE');
insert into GAME (GameID,MatchID,GameNumber,GameStateID) values (199,25,7,'AVAILABLE');
insert into GAME (GameID,MatchID,GameNumber,GameStateID) values (200,25,8,'AVAILABLE');
insert into GAME (GameID,MatchID,GameNumber,GameStateID) values (201,26,1,'AVAILABLE');
insert into GAME (GameID,MatchID,GameNumber,GameStateID) values (202,26,2,'AVAILABLE');
insert into GAME (GameID,MatchID,GameNumber,GameStateID) values (203,26,3,'AVAILABLE');
insert into GAME (GameID,MatchID,GameNumber,GameStateID) values (204,26,4,'AVAILABLE');
insert into GAME (GameID,MatchID,GameNumber,GameStateID) values (205,26,5,'AVAILABLE');
insert into GAME (GameID,MatchID,GameNumber,GameStateID) values (206,26,6,'AVAILABLE');
insert into GAME (GameID,MatchID,GameNumber,GameStateID) values (207,26,7,'AVAILABLE');
insert into GAME (GameID,MatchID,GameNumber,GameStateID) values (208,26,8,'AVAILABLE');
insert into GAME (GameID,MatchID,GameNumber,GameStateID) values (209,27,1,'AVAILABLE');
insert into GAME (GameID,MatchID,GameNumber,GameStateID) values (210,27,2,'AVAILABLE');
insert into GAME (GameID,MatchID,GameNumber,GameStateID) values (211,27,3,'AVAILABLE');
insert into GAME (GameID,MatchID,GameNumber,GameStateID) values (212,27,4,'AVAILABLE');
insert into GAME (GameID,MatchID,GameNumber,GameStateID) values (213,27,5,'AVAILABLE');
insert into GAME (GameID,MatchID,GameNumber,GameStateID) values (214,27,6,'AVAILABLE');
insert into GAME (GameID,MatchID,GameNumber,GameStateID) values (215,27,7,'AVAILABLE');
insert into GAME (GameID,MatchID,GameNumber,GameStateID) values (216,27,8,'AVAILABLE');
insert into GAME (GameID,MatchID,GameNumber,GameStateID) values (217,28,1,'AVAILABLE');
insert into GAME (GameID,MatchID,GameNumber,GameStateID) values (218,28,2,'AVAILABLE');
insert into GAME (GameID,MatchID,GameNumber,GameStateID) values (219,28,3,'AVAILABLE');
insert into GAME (GameID,MatchID,GameNumber,GameStateID) values (220,28,4,'AVAILABLE');
insert into GAME (GameID,MatchID,GameNumber,GameStateID) values (221,28,5,'AVAILABLE');
insert into GAME (GameID,MatchID,GameNumber,GameStateID) values (222,28,6,'AVAILABLE');
insert into GAME (GameID,MatchID,GameNumber,GameStateID) values (223,28,7,'AVAILABLE');
insert into GAME (GameID,MatchID,GameNumber,GameStateID) values (224,28,8,'AVAILABLE');
insert into GAME (GameID,MatchID,GameNumber,GameStateID) values (225,29,1,'AVAILABLE');
insert into GAME (GameID,MatchID,GameNumber,GameStateID) values (226,29,2,'AVAILABLE');
insert into GAME (GameID,MatchID,GameNumber,GameStateID) values (227,29,3,'AVAILABLE');
insert into GAME (GameID,MatchID,GameNumber,GameStateID) values (228,29,4,'AVAILABLE');
insert into GAME (GameID,MatchID,GameNumber,GameStateID) values (229,29,5,'AVAILABLE');
insert into GAME (GameID,MatchID,GameNumber,GameStateID) values (230,29,6,'AVAILABLE');
insert into GAME (GameID,MatchID,GameNumber,GameStateID) values (231,29,7,'AVAILABLE');
insert into GAME (GameID,MatchID,GameNumber,GameStateID) values (232,29,8,'AVAILABLE');
insert into GAME (GameID,MatchID,GameNumber,GameStateID) values (233,30,1,'AVAILABLE');
insert into GAME (GameID,MatchID,GameNumber,GameStateID) values (234,30,2,'AVAILABLE');
insert into GAME (GameID,MatchID,GameNumber,GameStateID) values (235,30,3,'AVAILABLE');
insert into GAME (GameID,MatchID,GameNumber,GameStateID) values (236,30,4,'AVAILABLE');
insert into GAME (GameID,MatchID,GameNumber,GameStateID) values (237,30,5,'AVAILABLE');
insert into GAME (GameID,MatchID,GameNumber,GameStateID) values (238,30,6,'AVAILABLE');
insert into GAME (GameID,MatchID,GameNumber,GameStateID) values (239,30,7,'AVAILABLE');
insert into GAME (GameID,MatchID,GameNumber,GameStateID) values (240,30,8,'AVAILABLE');
insert into GAME (GameID,MatchID,GameNumber,GameStateID) values (241,31,1,'AVAILABLE');
insert into GAME (GameID,MatchID,GameNumber,GameStateID) values (242,31,2,'AVAILABLE');
insert into GAME (GameID,MatchID,GameNumber,GameStateID) values (243,31,3,'AVAILABLE');
insert into GAME (GameID,MatchID,GameNumber,GameStateID) values (244,31,4,'AVAILABLE');
insert into GAME (GameID,MatchID,GameNumber,GameStateID) values (245,31,5,'AVAILABLE');
insert into GAME (GameID,MatchID,GameNumber,GameStateID) values (246,31,6,'AVAILABLE');
insert into GAME (GameID,MatchID,GameNumber,GameStateID) values (247,31,7,'AVAILABLE');
insert into GAME (GameID,MatchID,GameNumber,GameStateID) values (248,31,8,'AVAILABLE');
insert into GAME (GameID,MatchID,GameNumber,GameStateID) values (249,32,1,'AVAILABLE');
insert into GAME (GameID,MatchID,GameNumber,GameStateID) values (250,32,2,'AVAILABLE');
insert into GAME (GameID,MatchID,GameNumber,GameStateID) values (251,32,3,'AVAILABLE');
insert into GAME (GameID,MatchID,GameNumber,GameStateID) values (252,32,4,'AVAILABLE');
insert into GAME (GameID,MatchID,GameNumber,GameStateID) values (253,32,5,'AVAILABLE');
insert into GAME (GameID,MatchID,GameNumber,GameStateID) values (254,32,6,'AVAILABLE');
insert into GAME (GameID,MatchID,GameNumber,GameStateID) values (255,32,7,'AVAILABLE');
insert into GAME (GameID,MatchID,GameNumber,GameStateID) values (256,32,8,'AVAILABLE');
insert into GAME (GameID,MatchID,GameNumber,GameStateID) values (257,33,1,'AVAILABLE');
insert into GAME (GameID,MatchID,GameNumber,GameStateID) values (258,33,2,'AVAILABLE');
insert into GAME (GameID,MatchID,GameNumber,GameStateID) values (259,33,3,'AVAILABLE');
insert into GAME (GameID,MatchID,GameNumber,GameStateID) values (260,33,4,'AVAILABLE');
insert into GAME (GameID,MatchID,GameNumber,GameStateID) values (261,33,5,'AVAILABLE');
insert into GAME (GameID,MatchID,GameNumber,GameStateID) values (262,33,6,'AVAILABLE');
insert into GAME (GameID,MatchID,GameNumber,GameStateID) values (263,33,7,'AVAILABLE');
insert into GAME (GameID,MatchID,GameNumber,GameStateID) values (264,33,8,'AVAILABLE');
insert into GAME (GameID,MatchID,GameNumber,GameStateID) values (265,34,1,'AVAILABLE');
insert into GAME (GameID,MatchID,GameNumber,GameStateID) values (266,34,2,'AVAILABLE');
insert into GAME (GameID,MatchID,GameNumber,GameStateID) values (267,34,3,'AVAILABLE');
insert into GAME (GameID,MatchID,GameNumber,GameStateID) values (268,34,4,'AVAILABLE');
insert into GAME (GameID,MatchID,GameNumber,GameStateID) values (269,34,5,'AVAILABLE');
insert into GAME (GameID,MatchID,GameNumber,GameStateID) values (270,34,6,'AVAILABLE');
insert into GAME (GameID,MatchID,GameNumber,GameStateID) values (271,34,7,'AVAILABLE');
insert into GAME (GameID,MatchID,GameNumber,GameStateID) values (272,34,8,'AVAILABLE');
insert into GAME (GameID,MatchID,GameNumber,GameStateID) values (273,35,1,'AVAILABLE');
insert into GAME (GameID,MatchID,GameNumber,GameStateID) values (274,35,2,'AVAILABLE');
insert into GAME (GameID,MatchID,GameNumber,GameStateID) values (275,35,3,'AVAILABLE');
insert into GAME (GameID,MatchID,GameNumber,GameStateID) values (276,35,4,'AVAILABLE');
insert into GAME (GameID,MatchID,GameNumber,GameStateID) values (277,35,5,'AVAILABLE');
insert into GAME (GameID,MatchID,GameNumber,GameStateID) values (278,35,6,'AVAILABLE');
insert into GAME (GameID,MatchID,GameNumber,GameStateID) values (279,35,7,'AVAILABLE');
insert into GAME (GameID,MatchID,GameNumber,GameStateID) values (280,35,8,'AVAILABLE');
insert into GAME (GameID,MatchID,GameNumber,GameStateID) values (281,36,1,'AVAILABLE');
insert into GAME (GameID,MatchID,GameNumber,GameStateID) values (282,36,2,'AVAILABLE');
insert into GAME (GameID,MatchID,GameNumber,GameStateID) values (283,36,3,'AVAILABLE');
insert into GAME (GameID,MatchID,GameNumber,GameStateID) values (284,36,4,'AVAILABLE');
insert into GAME (GameID,MatchID,GameNumber,GameStateID) values (285,36,5,'AVAILABLE');
insert into GAME (GameID,MatchID,GameNumber,GameStateID) values (286,36,6,'AVAILABLE');
insert into GAME (GameID,MatchID,GameNumber,GameStateID) values (287,36,7,'AVAILABLE');
insert into GAME (GameID,MatchID,GameNumber,GameStateID) values (288,36,8,'AVAILABLE');
insert into GAME (GameID,MatchID,GameNumber,GameStateID) values (289,37,1,'AVAILABLE');
insert into GAME (GameID,MatchID,GameNumber,GameStateID) values (290,37,2,'AVAILABLE');
insert into GAME (GameID,MatchID,GameNumber,GameStateID) values (291,37,3,'AVAILABLE');
insert into GAME (GameID,MatchID,GameNumber,GameStateID) values (292,37,4,'AVAILABLE');
insert into GAME (GameID,MatchID,GameNumber,GameStateID) values (293,37,5,'AVAILABLE');
insert into GAME (GameID,MatchID,GameNumber,GameStateID) values (294,37,6,'AVAILABLE');
insert into GAME (GameID,MatchID,GameNumber,GameStateID) values (295,37,7,'AVAILABLE');
insert into GAME (GameID,MatchID,GameNumber,GameStateID) values (296,37,8,'AVAILABLE');
insert into GAME (GameID,MatchID,GameNumber,GameStateID) values (297,38,1,'AVAILABLE');
insert into GAME (GameID,MatchID,GameNumber,GameStateID) values (298,38,2,'AVAILABLE');
insert into GAME (GameID,MatchID,GameNumber,GameStateID) values (299,38,3,'AVAILABLE');
insert into GAME (GameID,MatchID,GameNumber,GameStateID) values (300,38,4,'AVAILABLE');
insert into GAME (GameID,MatchID,GameNumber,GameStateID) values (301,38,5,'AVAILABLE');
insert into GAME (GameID,MatchID,GameNumber,GameStateID) values (302,38,6,'AVAILABLE');
insert into GAME (GameID,MatchID,GameNumber,GameStateID) values (303,38,7,'AVAILABLE');
insert into GAME (GameID,MatchID,GameNumber,GameStateID) values (304,38,8,'AVAILABLE');
insert into GAME (GameID,MatchID,GameNumber,GameStateID) values (305,39,1,'AVAILABLE');
insert into GAME (GameID,MatchID,GameNumber,GameStateID) values (306,39,2,'AVAILABLE');
insert into GAME (GameID,MatchID,GameNumber,GameStateID) values (307,39,3,'AVAILABLE');
insert into GAME (GameID,MatchID,GameNumber,GameStateID) values (308,39,4,'AVAILABLE');
insert into GAME (GameID,MatchID,GameNumber,GameStateID) values (309,39,5,'AVAILABLE');
insert into GAME (GameID,MatchID,GameNumber,GameStateID) values (310,39,6,'AVAILABLE');
insert into GAME (GameID,MatchID,GameNumber,GameStateID) values (311,39,7,'AVAILABLE');
insert into GAME (GameID,MatchID,GameNumber,GameStateID) values (312,39,8,'AVAILABLE');
insert into GAME (GameID,MatchID,GameNumber,GameStateID) values (313,40,1,'AVAILABLE');
insert into GAME (GameID,MatchID,GameNumber,GameStateID) values (314,40,2,'AVAILABLE');
insert into GAME (GameID,MatchID,GameNumber,GameStateID) values (315,40,3,'AVAILABLE');
insert into GAME (GameID,MatchID,GameNumber,GameStateID) values (316,40,4,'AVAILABLE');
insert into GAME (GameID,MatchID,GameNumber,GameStateID) values (317,40,5,'AVAILABLE');
insert into GAME (GameID,MatchID,GameNumber,GameStateID) values (318,40,6,'AVAILABLE');
insert into GAME (GameID,MatchID,GameNumber,GameStateID) values (319,40,7,'AVAILABLE');
insert into GAME (GameID,MatchID,GameNumber,GameStateID) values (320,40,8,'AVAILABLE');
insert into GAME (GameID,MatchID,GameNumber,GameStateID) values (321,41,1,'AVAILABLE');
insert into GAME (GameID,MatchID,GameNumber,GameStateID) values (322,41,2,'AVAILABLE');
insert into GAME (GameID,MatchID,GameNumber,GameStateID) values (323,41,3,'AVAILABLE');
insert into GAME (GameID,MatchID,GameNumber,GameStateID) values (324,41,4,'AVAILABLE');
insert into GAME (GameID,MatchID,GameNumber,GameStateID) values (325,41,5,'AVAILABLE');
insert into GAME (GameID,MatchID,GameNumber,GameStateID) values (326,41,6,'AVAILABLE');
insert into GAME (GameID,MatchID,GameNumber,GameStateID) values (327,41,7,'AVAILABLE');
insert into GAME (GameID,MatchID,GameNumber,GameStateID) values (328,41,8,'AVAILABLE');
insert into GAME (GameID,MatchID,GameNumber,GameStateID) values (329,42,1,'AVAILABLE');
insert into GAME (GameID,MatchID,GameNumber,GameStateID) values (330,42,2,'AVAILABLE');
insert into GAME (GameID,MatchID,GameNumber,GameStateID) values (331,42,3,'AVAILABLE');
insert into GAME (GameID,MatchID,GameNumber,GameStateID) values (332,42,4,'AVAILABLE');
insert into GAME (GameID,MatchID,GameNumber,GameStateID) values (333,42,5,'AVAILABLE');
insert into GAME (GameID,MatchID,GameNumber,GameStateID) values (334,42,6,'AVAILABLE');
insert into GAME (GameID,MatchID,GameNumber,GameStateID) values (335,42,7,'AVAILABLE');
insert into GAME (GameID,MatchID,GameNumber,GameStateID) values (336,42,8,'AVAILABLE');
insert into GAME (GameID,MatchID,GameNumber,GameStateID) values (337,43,1,'AVAILABLE');
insert into GAME (GameID,MatchID,GameNumber,GameStateID) values (338,43,2,'AVAILABLE');
insert into GAME (GameID,MatchID,GameNumber,GameStateID) values (339,43,3,'AVAILABLE');
insert into GAME (GameID,MatchID,GameNumber,GameStateID) values (340,43,4,'AVAILABLE');
insert into GAME (GameID,MatchID,GameNumber,GameStateID) values (341,43,5,'AVAILABLE');
insert into GAME (GameID,MatchID,GameNumber,GameStateID) values (342,43,6,'AVAILABLE');
insert into GAME (GameID,MatchID,GameNumber,GameStateID) values (343,43,7,'AVAILABLE');
insert into GAME (GameID,MatchID,GameNumber,GameStateID) values (344,43,8,'AVAILABLE');
insert into GAME (GameID,MatchID,GameNumber,GameStateID) values (345,44,1,'AVAILABLE');
insert into GAME (GameID,MatchID,GameNumber,GameStateID) values (346,44,2,'AVAILABLE');
insert into GAME (GameID,MatchID,GameNumber,GameStateID) values (347,44,3,'AVAILABLE');
insert into GAME (GameID,MatchID,GameNumber,GameStateID) values (348,44,4,'AVAILABLE');
insert into GAME (GameID,MatchID,GameNumber,GameStateID) values (349,44,5,'AVAILABLE');
insert into GAME (GameID,MatchID,GameNumber,GameStateID) values (350,44,6,'AVAILABLE');
insert into GAME (GameID,MatchID,GameNumber,GameStateID) values (351,44,7,'AVAILABLE');
insert into GAME (GameID,MatchID,GameNumber,GameStateID) values (352,44,8,'AVAILABLE');
insert into GAME (GameID,MatchID,GameNumber,GameStateID) values (353,45,1,'AVAILABLE');
insert into GAME (GameID,MatchID,GameNumber,GameStateID) values (354,45,2,'AVAILABLE');
insert into GAME (GameID,MatchID,GameNumber,GameStateID) values (355,45,3,'AVAILABLE');
insert into GAME (GameID,MatchID,GameNumber,GameStateID) values (356,45,4,'AVAILABLE');
insert into GAME (GameID,MatchID,GameNumber,GameStateID) values (357,45,5,'AVAILABLE');
insert into GAME (GameID,MatchID,GameNumber,GameStateID) values (358,45,6,'AVAILABLE');
insert into GAME (GameID,MatchID,GameNumber,GameStateID) values (359,45,7,'AVAILABLE');
insert into GAME (GameID,MatchID,GameNumber,GameStateID) values (360,45,8,'AVAILABLE');
insert into GAME (GameID,MatchID,GameNumber,GameStateID) values (361,46,1,'AVAILABLE');
insert into GAME (GameID,MatchID,GameNumber,GameStateID) values (362,46,2,'AVAILABLE');
insert into GAME (GameID,MatchID,GameNumber,GameStateID) values (363,46,3,'AVAILABLE');
insert into GAME (GameID,MatchID,GameNumber,GameStateID) values (364,46,4,'AVAILABLE');
insert into GAME (GameID,MatchID,GameNumber,GameStateID) values (365,46,5,'AVAILABLE');
insert into GAME (GameID,MatchID,GameNumber,GameStateID) values (366,46,6,'AVAILABLE');
insert into GAME (GameID,MatchID,GameNumber,GameStateID) values (367,46,7,'AVAILABLE');
insert into GAME (GameID,MatchID,GameNumber,GameStateID) values (368,46,8,'AVAILABLE');
insert into GAME (GameID,MatchID,GameNumber,GameStateID) values (369,47,1,'AVAILABLE');
insert into GAME (GameID,MatchID,GameNumber,GameStateID) values (370,47,2,'AVAILABLE');
insert into GAME (GameID,MatchID,GameNumber,GameStateID) values (371,47,3,'AVAILABLE');
insert into GAME (GameID,MatchID,GameNumber,GameStateID) values (372,47,4,'AVAILABLE');
insert into GAME (GameID,MatchID,GameNumber,GameStateID) values (373,47,5,'AVAILABLE');
insert into GAME (GameID,MatchID,GameNumber,GameStateID) values (374,47,6,'AVAILABLE');
insert into GAME (GameID,MatchID,GameNumber,GameStateID) values (375,47,7,'AVAILABLE');
insert into GAME (GameID,MatchID,GameNumber,GameStateID) values (376,47,8,'AVAILABLE');
insert into GAME (GameID,MatchID,GameNumber,GameStateID) values (377,48,1,'AVAILABLE');
insert into GAME (GameID,MatchID,GameNumber,GameStateID) values (378,48,2,'AVAILABLE');
insert into GAME (GameID,MatchID,GameNumber,GameStateID) values (379,48,3,'AVAILABLE');
insert into GAME (GameID,MatchID,GameNumber,GameStateID) values (380,48,4,'AVAILABLE');
insert into GAME (GameID,MatchID,GameNumber,GameStateID) values (381,48,5,'AVAILABLE');
insert into GAME (GameID,MatchID,GameNumber,GameStateID) values (382,48,6,'AVAILABLE');
insert into GAME (GameID,MatchID,GameNumber,GameStateID) values (383,48,7,'AVAILABLE');
insert into GAME (GameID,MatchID,GameNumber,GameStateID) values (384,48,8,'AVAILABLE');
insert into GAME (GameID,MatchID,GameNumber,GameStateID) values (385,49,1,'AVAILABLE');
insert into GAME (GameID,MatchID,GameNumber,GameStateID) values (386,49,2,'AVAILABLE');
insert into GAME (GameID,MatchID,GameNumber,GameStateID) values (387,49,3,'AVAILABLE');
insert into GAME (GameID,MatchID,GameNumber,GameStateID) values (388,49,4,'AVAILABLE');
insert into GAME (GameID,MatchID,GameNumber,GameStateID) values (389,49,5,'AVAILABLE');
insert into GAME (GameID,MatchID,GameNumber,GameStateID) values (390,49,6,'AVAILABLE');
insert into GAME (GameID,MatchID,GameNumber,GameStateID) values (391,49,7,'AVAILABLE');
insert into GAME (GameID,MatchID,GameNumber,GameStateID) values (392,49,8,'AVAILABLE');
insert into GAME (GameID,MatchID,GameNumber,GameStateID) values (393,50,1,'AVAILABLE');
insert into GAME (GameID,MatchID,GameNumber,GameStateID) values (394,50,2,'AVAILABLE');
insert into GAME (GameID,MatchID,GameNumber,GameStateID) values (395,50,3,'AVAILABLE');
insert into GAME (GameID,MatchID,GameNumber,GameStateID) values (396,50,4,'AVAILABLE');
insert into GAME (GameID,MatchID,GameNumber,GameStateID) values (397,50,5,'AVAILABLE');
insert into GAME (GameID,MatchID,GameNumber,GameStateID) values (398,50,6,'AVAILABLE');
insert into GAME (GameID,MatchID,GameNumber,GameStateID) values (399,50,7,'AVAILABLE');
insert into GAME (GameID,MatchID,GameNumber,GameStateID) values (400,50,8,'AVAILABLE');
insert into GAME (GameID,MatchID,GameNumber,GameStateID) values (401,51,1,'UNASSIGNED');
insert into GAME (GameID,MatchID,GameNumber,GameStateID) values (402,51,2,'UNASSIGNED');
insert into GAME (GameID,MatchID,GameNumber,GameStateID) values (403,51,3,'UNASSIGNED');
insert into GAME (GameID,MatchID,GameNumber,GameStateID) values (404,52,1,'UNASSIGNED');
insert into GAME (GameID,MatchID,GameNumber,GameStateID) values (405,52,2,'UNASSIGNED');
insert into GAME (GameID,MatchID,GameNumber,GameStateID) values (406,52,3,'UNASSIGNED');
insert into GAME (GameID,MatchID,GameNumber,GameStateID) values (407,53,1,'UNASSIGNED');
insert into GAME (GameID,MatchID,GameNumber,GameStateID) values (408,53,2,'UNASSIGNED');
insert into GAME (GameID,MatchID,GameNumber,GameStateID) values (409,53,3,'UNASSIGNED');
insert into GAME (GameID,MatchID,GameNumber,GameStateID) values (410,54,1,'UNASSIGNED');
insert into GAME (GameID,MatchID,GameNumber,GameStateID) values (411,54,2,'UNASSIGNED');
insert into GAME (GameID,MatchID,GameNumber,GameStateID) values (412,54,3,'UNASSIGNED');
insert into GAME (GameID,MatchID,GameNumber,GameStateID) values (413,55,1,'UNASSIGNED');
insert into GAME (GameID,MatchID,GameNumber,GameStateID) values (414,55,2,'UNASSIGNED');
insert into GAME (GameID,MatchID,GameNumber,GameStateID) values (415,55,3,'UNASSIGNED');
insert into GAME (GameID,MatchID,GameNumber,GameStateID) values (416,56,1,'UNASSIGNED');
insert into GAME (GameID,MatchID,GameNumber,GameStateID) values (417,56,2,'UNASSIGNED');
insert into GAME (GameID,MatchID,GameNumber,GameStateID) values (418,56,3,'UNASSIGNED');
insert into GAME (GameID,MatchID,GameNumber,GameStateID) values (419,57,1,'UNASSIGNED');
insert into GAME (GameID,MatchID,GameNumber,GameStateID) values (420,57,2,'UNASSIGNED');
insert into GAME (GameID,MatchID,GameNumber,GameStateID) values (421,57,3,'UNASSIGNED');
insert into GAME (GameID,MatchID,GameNumber,GameStateID) values (422,58,1,'UNASSIGNED');
insert into GAME (GameID,MatchID,GameNumber,GameStateID) values (423,58,2,'UNASSIGNED');
insert into GAME (GameID,MatchID,GameNumber,GameStateID) values (424,58,3,'UNASSIGNED');
insert into GAME (GameID,MatchID,GameNumber,GameStateID) values (425,59,1,'UNASSIGNED');
insert into GAME (GameID,MatchID,GameNumber,GameStateID) values (426,59,2,'UNASSIGNED');
insert into GAME (GameID,MatchID,GameNumber,GameStateID) values (427,59,3,'UNASSIGNED');
insert into GAME (GameID,MatchID,GameNumber,GameStateID) values (428,60,1,'UNASSIGNED');
insert into GAME (GameID,MatchID,GameNumber,GameStateID) values (429,60,2,'UNASSIGNED');
insert into GAME (GameID,MatchID,GameNumber,GameStateID) values (430,60,3,'UNASSIGNED');
insert into GAME (GameID,MatchID,GameNumber,GameStateID) values (431,61,1,'UNASSIGNED');
insert into GAME (GameID,MatchID,GameNumber,GameStateID) values (432,61,2,'UNASSIGNED');
insert into GAME (GameID,MatchID,GameNumber,GameStateID) values (433,61,3,'UNASSIGNED');
insert into GAME (GameID,MatchID,GameNumber,GameStateID) values (434,62,1,'UNASSIGNED');
insert into GAME (GameID,MatchID,GameNumber,GameStateID) values (435,62,2,'UNASSIGNED');
insert into GAME (GameID,MatchID,GameNumber,GameStateID) values (436,62,3,'UNASSIGNED');
insert into GAME (GameID,MatchID,GameNumber,GameStateID) values (437,63,1,'UNASSIGNED');
insert into GAME (GameID,MatchID,GameNumber,GameStateID) values (438,63,2,'UNASSIGNED');
insert into GAME (GameID,MatchID,GameNumber,GameStateID) values (439,63,3,'UNASSIGNED');
insert into GAME (GameID,MatchID,GameNumber,GameStateID) values (440,64,1,'UNASSIGNED');
insert into GAME (GameID,MatchID,GameNumber,GameStateID) values (441,64,2,'UNASSIGNED');
insert into GAME (GameID,MatchID,GameNumber,GameStateID) values (442,64,3,'UNASSIGNED');
insert into GAME (GameID,MatchID,GameNumber,GameStateID) values (443,65,1,'UNASSIGNED');
insert into GAME (GameID,MatchID,GameNumber,GameStateID) values (444,65,2,'UNASSIGNED');
insert into GAME (GameID,MatchID,GameNumber,GameStateID) values (445,65,3,'UNASSIGNED');
insert into GAME (GameID,MatchID,GameNumber,GameStateID) values (446,66,1,'UNASSIGNED');
insert into GAME (GameID,MatchID,GameNumber,GameStateID) values (447,66,2,'UNASSIGNED');
insert into GAME (GameID,MatchID,GameNumber,GameStateID) values (448,66,3,'UNASSIGNED');
insert into GAME (GameID,MatchID,GameNumber,GameStateID) values (449,67,1,'UNASSIGNED');
insert into GAME (GameID,MatchID,GameNumber,GameStateID) values (450,67,2,'UNASSIGNED');
insert into GAME (GameID,MatchID,GameNumber,GameStateID) values (451,67,3,'UNASSIGNED');
insert into GAME (GameID,MatchID,GameNumber,GameStateID) values (452,68,1,'UNASSIGNED');
insert into GAME (GameID,MatchID,GameNumber,GameStateID) values (453,68,2,'UNASSIGNED');
insert into GAME (GameID,MatchID,GameNumber,GameStateID) values (454,68,3,'UNASSIGNED');
insert into GAME (GameID,MatchID,GameNumber,GameStateID) values (455,69,1,'UNASSIGNED');
insert into GAME (GameID,MatchID,GameNumber,GameStateID) values (456,69,2,'UNASSIGNED');
insert into GAME (GameID,MatchID,GameNumber,GameStateID) values (457,69,3,'UNASSIGNED');
insert into GAME (GameID,MatchID,GameNumber,GameStateID) values (458,70,1,'UNASSIGNED');
insert into GAME (GameID,MatchID,GameNumber,GameStateID) values (459,70,2,'UNASSIGNED');
insert into GAME (GameID,MatchID,GameNumber,GameStateID) values (460,70,3,'UNASSIGNED');
insert into GAME (GameID,MatchID,GameNumber,GameStateID) values (461,71,1,'UNASSIGNED');
insert into GAME (GameID,MatchID,GameNumber,GameStateID) values (462,71,2,'UNASSIGNED');
insert into GAME (GameID,MatchID,GameNumber,GameStateID) values (463,71,3,'UNASSIGNED');
insert into GAME (GameID,MatchID,GameNumber,GameStateID) values (464,72,1,'UNASSIGNED');
insert into GAME (GameID,MatchID,GameNumber,GameStateID) values (465,72,2,'UNASSIGNED');
insert into GAME (GameID,MatchID,GameNumber,GameStateID) values (466,72,3,'UNASSIGNED');
insert into GAME (GameID,MatchID,GameNumber,GameStateID) values (467,73,1,'UNASSIGNED');
insert into GAME (GameID,MatchID,GameNumber,GameStateID) values (468,73,2,'UNASSIGNED');
insert into GAME (GameID,MatchID,GameNumber,GameStateID) values (469,73,3,'UNASSIGNED');
insert into GAME (GameID,MatchID,GameNumber,GameStateID) values (470,74,1,'UNASSIGNED');
insert into GAME (GameID,MatchID,GameNumber,GameStateID) values (471,74,2,'UNASSIGNED');
insert into GAME (GameID,MatchID,GameNumber,GameStateID) values (472,74,3,'UNASSIGNED');
insert into GAME (GameID,MatchID,GameNumber,GameStateID) values (473,75,1,'UNASSIGNED');
insert into GAME (GameID,MatchID,GameNumber,GameStateID) values (474,75,2,'UNASSIGNED');
insert into GAME (GameID,MatchID,GameNumber,GameStateID) values (475,75,3,'UNASSIGNED');
insert into GAME (GameID,MatchID,GameNumber,GameStateID) values (476,76,1,'UNASSIGNED');
insert into GAME (GameID,MatchID,GameNumber,GameStateID) values (477,76,2,'UNASSIGNED');
insert into GAME (GameID,MatchID,GameNumber,GameStateID) values (478,76,3,'UNASSIGNED');
insert into GAME (GameID,MatchID,GameNumber,GameStateID) values (479,77,1,'UNASSIGNED');
insert into GAME (GameID,MatchID,GameNumber,GameStateID) values (480,77,2,'UNASSIGNED');
insert into GAME (GameID,MatchID,GameNumber,GameStateID) values (481,77,3,'UNASSIGNED');
insert into GAME (GameID,MatchID,GameNumber,GameStateID) values (482,78,1,'UNASSIGNED');
insert into GAME (GameID,MatchID,GameNumber,GameStateID) values (483,78,2,'UNASSIGNED');
insert into GAME (GameID,MatchID,GameNumber,GameStateID) values (484,78,3,'UNASSIGNED');
insert into GAME (GameID,MatchID,GameNumber,GameStateID) values (485,79,1,'UNASSIGNED');
insert into GAME (GameID,MatchID,GameNumber,GameStateID) values (486,79,2,'UNASSIGNED');
insert into GAME (GameID,MatchID,GameNumber,GameStateID) values (487,79,3,'UNASSIGNED');
insert into GAME (GameID,MatchID,GameNumber,GameStateID) values (488,80,1,'UNASSIGNED');
insert into GAME (GameID,MatchID,GameNumber,GameStateID) values (489,80,2,'UNASSIGNED');
insert into GAME (GameID,MatchID,GameNumber,GameStateID) values (490,80,3,'UNASSIGNED');
insert into GAME (GameID,MatchID,GameNumber,GameStateID) values (491,81,1,'UNASSIGNED');
insert into GAME (GameID,MatchID,GameNumber,GameStateID) values (492,81,2,'UNASSIGNED');
insert into GAME (GameID,MatchID,GameNumber,GameStateID) values (493,81,3,'UNASSIGNED');
insert into GAME (GameID,MatchID,GameNumber,GameStateID) values (494,82,1,'UNASSIGNED');
insert into GAME (GameID,MatchID,GameNumber,GameStateID) values (495,82,2,'UNASSIGNED');
insert into GAME (GameID,MatchID,GameNumber,GameStateID) values (496,82,3,'UNASSIGNED');
insert into GAME (GameID,MatchID,GameNumber,GameStateID) values (497,83,1,'UNASSIGNED');
insert into GAME (GameID,MatchID,GameNumber,GameStateID) values (498,83,2,'UNASSIGNED');
insert into GAME (GameID,MatchID,GameNumber,GameStateID) values (499,83,3,'UNASSIGNED');
insert into GAME (GameID,MatchID,GameNumber,GameStateID) values (500,84,1,'UNASSIGNED');
insert into GAME (GameID,MatchID,GameNumber,GameStateID) values (501,84,2,'UNASSIGNED');
insert into GAME (GameID,MatchID,GameNumber,GameStateID) values (502,84,3,'UNASSIGNED');
insert into GAME (GameID,MatchID,GameNumber,GameStateID) values (503,85,1,'UNASSIGNED');
insert into GAME (GameID,MatchID,GameNumber,GameStateID) values (504,85,2,'UNASSIGNED');
insert into GAME (GameID,MatchID,GameNumber,GameStateID) values (505,85,3,'UNASSIGNED');
insert into GAME (GameID,MatchID,GameNumber,GameStateID) values (506,86,1,'UNASSIGNED');
insert into GAME (GameID,MatchID,GameNumber,GameStateID) values (507,86,2,'UNASSIGNED');
insert into GAME (GameID,MatchID,GameNumber,GameStateID) values (508,86,3,'UNASSIGNED');
insert into GAME (GameID,MatchID,GameNumber,GameStateID) values (509,87,1,'UNASSIGNED');
insert into GAME (GameID,MatchID,GameNumber,GameStateID) values (510,87,2,'UNASSIGNED');
insert into GAME (GameID,MatchID,GameNumber,GameStateID) values (511,87,3,'UNASSIGNED');
insert into GAME (GameID,MatchID,GameNumber,GameStateID) values (512,88,1,'UNASSIGNED');
insert into GAME (GameID,MatchID,GameNumber,GameStateID) values (513,88,2,'UNASSIGNED');
insert into GAME (GameID,MatchID,GameNumber,GameStateID) values (514,88,3,'UNASSIGNED');
insert into GAME (GameID,MatchID,GameNumber,GameStateID) values (515,89,1,'UNASSIGNED');
insert into GAME (GameID,MatchID,GameNumber,GameStateID) values (516,89,2,'UNASSIGNED');
insert into GAME (GameID,MatchID,GameNumber,GameStateID) values (517,89,3,'UNASSIGNED');
insert into GAME (GameID,MatchID,GameNumber,GameStateID) values (518,90,1,'UNASSIGNED');
insert into GAME (GameID,MatchID,GameNumber,GameStateID) values (519,90,2,'UNASSIGNED');
insert into GAME (GameID,MatchID,GameNumber,GameStateID) values (520,90,3,'UNASSIGNED');
insert into GAME (GameID,MatchID,GameNumber,GameStateID) values (521,91,1,'UNASSIGNED');
insert into GAME (GameID,MatchID,GameNumber,GameStateID) values (522,91,2,'UNASSIGNED');
insert into GAME (GameID,MatchID,GameNumber,GameStateID) values (523,91,3,'UNASSIGNED');
insert into GAME (GameID,MatchID,GameNumber,GameStateID) values (524,92,1,'UNASSIGNED');
insert into GAME (GameID,MatchID,GameNumber,GameStateID) values (525,92,2,'UNASSIGNED');
insert into GAME (GameID,MatchID,GameNumber,GameStateID) values (526,92,3,'UNASSIGNED');
insert into GAME (GameID,MatchID,GameNumber,GameStateID) values (527,93,1,'UNASSIGNED');
insert into GAME (GameID,MatchID,GameNumber,GameStateID) values (528,93,2,'UNASSIGNED');
insert into GAME (GameID,MatchID,GameNumber,GameStateID) values (529,93,3,'UNASSIGNED');
insert into GAME (GameID,MatchID,GameNumber,GameStateID) values (530,94,1,'UNASSIGNED');
insert into GAME (GameID,MatchID,GameNumber,GameStateID) values (531,94,2,'UNASSIGNED');
insert into GAME (GameID,MatchID,GameNumber,GameStateID) values (532,94,3,'UNASSIGNED');
insert into GAME (GameID,MatchID,GameNumber,GameStateID) values (533,95,1,'UNASSIGNED');
insert into GAME (GameID,MatchID,GameNumber,GameStateID) values (534,95,2,'UNASSIGNED');
insert into GAME (GameID,MatchID,GameNumber,GameStateID) values (535,95,3,'UNASSIGNED');
insert into GAME (GameID,MatchID,GameNumber,GameStateID) values (536,96,1,'UNASSIGNED');
insert into GAME (GameID,MatchID,GameNumber,GameStateID) values (537,96,2,'UNASSIGNED');
insert into GAME (GameID,MatchID,GameNumber,GameStateID) values (538,96,3,'UNASSIGNED');
insert into GAME (GameID,MatchID,GameNumber,GameStateID) values (539,97,1,'UNASSIGNED');
insert into GAME (GameID,MatchID,GameNumber,GameStateID) values (540,97,2,'UNASSIGNED');
insert into GAME (GameID,MatchID,GameNumber,GameStateID) values (541,97,3,'UNASSIGNED');
insert into GAME (GameID,MatchID,GameNumber,GameStateID) values (542,98,1,'UNASSIGNED');
insert into GAME (GameID,MatchID,GameNumber,GameStateID) values (543,98,2,'UNASSIGNED');
insert into GAME (GameID,MatchID,GameNumber,GameStateID) values (544,98,3,'UNASSIGNED');
insert into GAME (GameID,MatchID,GameNumber,GameStateID) values (545,99,1,'UNASSIGNED');
insert into GAME (GameID,MatchID,GameNumber,GameStateID) values (546,99,2,'UNASSIGNED');
insert into GAME (GameID,MatchID,GameNumber,GameStateID) values (547,99,3,'UNASSIGNED');
insert into GAME (GameID,MatchID,GameNumber,GameStateID) values (548,100,1,'UNASSIGNED');
insert into GAME (GameID,MatchID,GameNumber,GameStateID) values (549,100,2,'UNASSIGNED');
insert into GAME (GameID,MatchID,GameNumber,GameStateID) values (550,100,3,'UNASSIGNED');
insert into GAME (GameID,MatchID,GameNumber,GameStateID) values (551,101,1,'UNASSIGNED');
insert into GAME (GameID,MatchID,GameNumber,GameStateID) values (552,101,2,'UNASSIGNED');
insert into GAME (GameID,MatchID,GameNumber,GameStateID) values (553,101,3,'UNASSIGNED');
insert into GAME (GameID,MatchID,GameNumber,GameStateID) values (554,102,1,'UNASSIGNED');
insert into GAME (GameID,MatchID,GameNumber,GameStateID) values (555,102,2,'UNASSIGNED');
insert into GAME (GameID,MatchID,GameNumber,GameStateID) values (556,102,3,'UNASSIGNED');
insert into GAME (GameID,MatchID,GameNumber,GameStateID) values (557,103,1,'UNASSIGNED');
insert into GAME (GameID,MatchID,GameNumber,GameStateID) values (558,103,2,'UNASSIGNED');
insert into GAME (GameID,MatchID,GameNumber,GameStateID) values (559,103,3,'UNASSIGNED');
insert into GAME (GameID,MatchID,GameNumber,GameStateID) values (560,104,1,'UNASSIGNED');
insert into GAME (GameID,MatchID,GameNumber,GameStateID) values (561,104,2,'UNASSIGNED');
insert into GAME (GameID,MatchID,GameNumber,GameStateID) values (562,104,3,'UNASSIGNED');
insert into GAME (GameID,MatchID,GameNumber,GameStateID) values (563,105,1,'UNASSIGNED');
insert into GAME (GameID,MatchID,GameNumber,GameStateID) values (564,105,2,'UNASSIGNED');
insert into GAME (GameID,MatchID,GameNumber,GameStateID) values (565,105,3,'UNASSIGNED');
insert into GAME (GameID,MatchID,GameNumber,GameStateID) values (566,106,1,'UNASSIGNED');
insert into GAME (GameID,MatchID,GameNumber,GameStateID) values (567,106,2,'UNASSIGNED');
insert into GAME (GameID,MatchID,GameNumber,GameStateID) values (568,106,3,'UNASSIGNED');
insert into GAME (GameID,MatchID,GameNumber,GameStateID) values (569,107,1,'UNASSIGNED');
insert into GAME (GameID,MatchID,GameNumber,GameStateID) values (570,107,2,'UNASSIGNED');
insert into GAME (GameID,MatchID,GameNumber,GameStateID) values (571,107,3,'UNASSIGNED');
insert into GAME (GameID,MatchID,GameNumber,GameStateID) values (572,108,1,'UNASSIGNED');
insert into GAME (GameID,MatchID,GameNumber,GameStateID) values (573,108,2,'UNASSIGNED');
insert into GAME (GameID,MatchID,GameNumber,GameStateID) values (574,108,3,'UNASSIGNED');
insert into GAME (GameID,MatchID,GameNumber,GameStateID) values (575,109,1,'UNASSIGNED');
insert into GAME (GameID,MatchID,GameNumber,GameStateID) values (576,109,2,'UNASSIGNED');
insert into GAME (GameID,MatchID,GameNumber,GameStateID) values (577,109,3,'UNASSIGNED');
insert into GAME (GameID,MatchID,GameNumber,GameStateID) values (578,110,1,'UNASSIGNED');
insert into GAME (GameID,MatchID,GameNumber,GameStateID) values (579,110,2,'UNASSIGNED');
insert into GAME (GameID,MatchID,GameNumber,GameStateID) values (580,110,3,'UNASSIGNED');
insert into GAME (GameID,MatchID,GameNumber,GameStateID) values (581,111,1,'UNASSIGNED');
insert into GAME (GameID,MatchID,GameNumber,GameStateID) values (582,111,2,'UNASSIGNED');
insert into GAME (GameID,MatchID,GameNumber,GameStateID) values (583,111,3,'UNASSIGNED');
insert into GAME (GameID,MatchID,GameNumber,GameStateID) values (584,112,1,'UNASSIGNED');
insert into GAME (GameID,MatchID,GameNumber,GameStateID) values (585,112,2,'UNASSIGNED');
insert into GAME (GameID,MatchID,GameNumber,GameStateID) values (586,112,3,'UNASSIGNED');

-- end of file
