<?xml version="1.0" encoding="UTF-8"?>
<project-private xmlns="http://www.netbeans.org/ns/project-private/1">
    <editor-bookmarks xmlns="http://www.netbeans.org/ns/editor-bookmarks/2" lastBookmarkId="0"/>
    <open-files xmlns="http://www.netbeans.org/ns/projectui-open-files/2">
        <group>
            <file>file:/C:/xampp/htdocs/termProject/.htaccess</file>
            <file>file:/C:/xampp/htdocs/termProject/menus/viewTeams.php</file>
            <file>file:/C:/xampp/htdocs/termProject/js/games.js</file>
            <file>file:/C:/xampp/htdocs/termProject/menus/games.php</file>
            <file>file:/C:/xampp/htdocs/termProject/db/GameAccessor.php</file>
        </group>
    </open-files>
</project-private>
